Task Number,Description,Start Date,End Date,Duration (Days)
1,"Site Prep, Excavate and grade",6/16/2023,7/5/2023,20
2,Formwork and Rebar Setup for Foundation,7/6/2023,7/25/2023,20
3,Concrete Pour for Foundation,7/26/2023,8/5/2023,11
4,Curing of Foundation and Quality Checks,8/6/2023,8/8/2023,3
5,Second Floor Formwork and Rebar Setup,8/9/2023,8/24/2023,16
6,Second Floor Concrete Pour,8/25/2023,9/3/2023,10
7,Curing of Concrete and Quality Checks,9/4/2023,9/6/2023,3
8,Final Inspection and Site Cleanup,9/7/2023,9/8/2023,2
