﻿Activity Description,Start Date,End Date,Planned Duration,Subcontractor,Manpower
Earthwork and Foundation,2/15/2024,2/28/2024,14 days,Construction Co.,20
Football Field Construction,3/1/2024,3/31/2024,31 days,Construction Co.,15
Swimming Pool Construction,3/1/2024,3/31/2024,31 days,AquaGen,8
Gymnasium Construction,4/1/2024,4/30/2024,30 days,Construction Co.,25
Landscaping and Parking,5/1/2024,5/31/2024,31 days,General Builders,15
Interior Finishing,5/1/2024,5/31/2024,31 days,General Builders,20
Safety Inspections,6/1/2024,6/1/2024,1 day,A&I,2
