Item Number,Description,Quantity,Unit,Supplier,Cost per Unit
1,PVC Pipes,1000,Linear Feet,Plumbing Supplier,
2,Copper Pipes,500,Linear Feet,Plumbing Supplier,
3,Pipe Fittings and Joints,200,Units,Plumbing Supplier,
4,Toilets,20,Units,Sanitaryware Supplier,
5,Sinks,30,Units,Sanitaryware Supplier,
6,Faucets,50,Units,Plumbing Hardware Supplier,
7,Drinking Fountains,10,Units,Water Cooler Supplier,
8,Water Heater,2,Units,Plumbing Appliance Supplier,
9,Insulation Material,100,Yards,Insulation Supplier,
